//Troy Payee,
3,32
4,33
5,34
6,35
7,36
8,37
9,38
10,39
11,40
12,41
13,42
14,43
15,44
16,45
17,46
18,47
19,48
20,49
21,50
22,51
23,52
24,53
25,54
26,55
27,56
28,57
29,58
30,59
31,60
32,61
33,62
34,63
35,64
36,65
37,66
38,67
39,68
40,69
41,70
42,71
43,72
44,73
45,74
46,75
47,76
48,77
49,78
50,79
51,80
52,81
53,82
54,83
55,84
56,85
57,86
58,87
59,88
60,89
61,90
62,91
63,92
64,93
65,94
66,95
67,96
68,97
69,98
70,99
71,100
72,101
73,102
74,103
75,104
76,105
77,106
78,107
79,108
80,109
81,110
82,111
83,112
84,113
85,114
86,115
87,116
88,117
89,118
90,119
91,120
92,121
93,122
94,123
95,124
96,125
97,126
98,196
99,197
100,199
101,201
102,209
103,214
104,220
105,225
106,224
107,226
108,228
109,227
110,229
111,231
112,233
113,232
114,234
115,235
116,237
117,236
118,238
119,239
120,241
121,243
122,242
123,244
124,246
125,245
126,250
127,249
128,251
129,252
130,134
131,176
132,162
133,163
134,167
135,130
136,182
137,223
172,192
200,193
198,194
173,195
144,198
202,200
199,202
201,203
206,204
203,205
204,206
205,207
231,208
209,210
207,211
208,212
174,213
238,215
145,216
212,217
210,218
211,219
233,221
235,222
234,253
236,254
185,255
151,181